{
  "eval_split": "Retrieval\\data\\test_ready.parquet",
  "ks": [
    10,
    20,
    50
  ],
  "candidate_k": 100,
  "retrieval_only": {
    "Recall@10": 0.0014495554696559723,
    "Recall@20": 0.0016428295322767684,
    "Recall@50": 0.003962118283726324,
    "NDCG@10": 0.0007958224847871663,
    "NDCG@20": 0.0008413569532571984,
    "NDCG@50": 0.0012946217079456731
  },
  "retrieval_plus_ranking": {
    "Recall@10": 0.002029377657518361,
    "Recall@20": 0.0026091998453807498,
    "Recall@50": 0.0037688442211055275,
    "NDCG@10": 0.0010089399634833254,
    "NDCG@20": 0.0011576667586946148,
    "NDCG@50": 0.0013892204813046771
  },
  "num_positive_samples": 10348
}